{
  "format_version": "1.12",
  "minecraft:recipe_shaped": {
    "description": {
      "identifier": "minecraft:acacia_planks_from_stripped"
    },
    "tags": [
      "crafting_table"
    ],
    "group": "planks",
    "pattern": [
      " A ",
      "ABA",
      "CCC"
    ],
    "key": {
      "A": {
        "item": "stick"
      },
      "B": {
        "item": "soul_soil"
      },
      "C": {
        "item": "stripped_acacia_log"
      }
    },
    "result": {
      "item": "minecraft:planks",
      "data": 4,
      "count": 4
    }
  }
}