{
  "format_version": "1.12",
  "minecraft:recipe_shaped": {
    "description": {
      "identifier": "minecraft:acacia_wooden_slab"
    },
    "tags": [
      "crafting_table"
    ],
    "group": "wooden_slab",
    "pattern": [
      " #X",
      "# X",
      " #X"
    ],
    "key": {
      "#": {
        "item": "minecraft:stick"
      },
      "X": {
        "item": "minecraft:string"
      }
    },
    "result": {
      "item": "minecraft:wooden_slab",
      "data": 4,
      "count": 6
    }
  }
}