{
  "format_version": "1.12",
  "minecraft:recipe_shaped": {
    "description": {
      "identifier": "minecraft:acacia_planks_from_wood"
    },
    "tags": [
      "crafting_table"
    ],
    "group": "planks",
    "pattern": [
      "###",
      "###",
      " | "
    ],
    "key": {
      "#": {
        "item": "minecraft:planks",
        "data": 5
      },
      "|": {
        "item": "minecraft:stick"
      }
    },
    "result": {
      "item": "minecraft:planks",
      "data": 4,
      "count": 4
    }
  }
}