{
  "format_version": "1.12",
  "minecraft:recipe_shapeless": {
    "description": {
      "identifier": "minecraft:banner_pattern_vines"
    },
    "tags": [
      "crafting_table"
    ],
    "group": "banner_pattern",
    "ingredients": [
      {
        "item": "minecraft:brown_mushroom"
      },
      {
        "item": "minecraft:red_mushroom"
      },
      {
        "item": "minecraft:bowl"
      },
      {
        "item": "minecraft:red_flower",
        "data": 9
      }
    ],
    "result": {
      "item": "minecraft:banner_pattern",
      "data": 5
    }
  }
}