{
  "format_version": "1.16",
  "minecraft:recipe_shaped": {
    "description": {
      "identifier": "minecraft:barrel_from_warped_slab"
    },
    "tags": [
      "crafting_table"
    ],
    "pattern": [
      " | ",
      "|C|",
      "###"
    ],
    "key": {
      "|": {
        "item": "minecraft:stick"
      },
      "#": {
        "item": "minecraft:log"
      },
      "C": {
        "item": "minecraft:charcoal"
      }
    },
    "result": {
      "item": "minecraft:barrel",
      "count": 1
    },
    "priority": 2
  }
}