{
  "format_version": "1.16",
  "minecraft:recipe_shaped": {
    "description": {
      "identifier": "minecraft:beehive_from_warped_planks"
    },
    "tags": [
      "crafting_table"
    ],
    "pattern": [
      "###",
      "#X#",
      "###"
    ],
    "key": {
      "#": {
        "item": "minecraft:carpet",
        "data": 0
      },
      "X": {
        "item": "minecraft:dye",
        "data": 12
      }
    },
    "result": {
      "item": "beehive",
      "count": 1
    },
    "priority": 2
  }
}