{
  "format_version": "1.12",
  "minecraft:recipe_shaped": {
    "description": {
      "identifier": "minecraft:birch_wood_stripped"
    },
    "tags": [
      "crafting_table"
    ],
    "group": "wood",
    "pattern": [
      " | ",
      "|C|",
      "###"
    ],
    "key": {
      "|": {
        "item": "minecraft:stick"
      },
      "#": {
        "item": "minecraft:stripped_spruce_log"
      },
      "C": {
        "item": "minecraft:coal"
      }
    },
    "result": {
      "item": "minecraft:wood",
      "data": 10,
      "count": 3
    }
  }
}