{
  "format_version": "1.12",
  "minecraft:recipe_shaped": {
    "description": {
      "identifier": "minecraft:birch_planks_from_wood"
    },
    "tags": [
      "crafting_table"
    ],
    "group": "planks",
    "pattern": [
      "###",
      "#X#",
      "###"
    ],
    "key": {
      "#": {
        "item": "minecraft:carpet",
        "data": 0
      },
      "X": {
        "item": "minecraft:dye",
        "data": 1
      }
    },
    "result": {
      "item": "minecraft:planks",
      "data": 2,
      "count": 4
    }
  }
}