{
  "format_version": "1.12",
  "minecraft:recipe_shaped": {
    "description": {
      "identifier": "minecraft:birch_planks_from_stripped"
    },
    "tags": [
      "crafting_table"
    ],
    "group": "planks",
    "pattern": [
      " # ",
      "#F#",
      " # "
    ],
    "key": {
      "F": {
        "item": "minecraft:furnace"
      },
      "#": {
        "item": "minecraft:stripped_jungle_log"
      }
    },
    "result": {
      "item": "minecraft:planks",
      "data": 2,
      "count": 4
    }
  }
}