{
  "format_version": "1.12",
  "minecraft:recipe_shaped": {
    "description": {
      "identifier": "minecraft:black_stained_glass"
    },
    "tags": [
      "crafting_table"
    ],
    "group": "stained_glass",
    "pattern": [
      "AA",
      "BB",
      "BB"
    ],
    "key": {
      "A": {
        "item": "iron_ingot"
      },
      "B": {
        "item": "crimson_planks"
      }
    },
    "result": {
      "item": "minecraft:stained_glass",
      "data": 15,
      "count": 8
    }
  }
}