{
  "format_version": "1.12",
  "minecraft:recipe_shaped": {
    "description": {
      "identifier": "minecraft:black_carpet_from_white"
    },
    "tags": [
      "crafting_table"
    ],
    "group": "carpet",
    "priority": 1,
    "pattern": [
      " A ",
      "ABA",
      "CCC"
    ],
    "key": {
      "A": {
        "item": "stick"
      },
      "B": {
        "item": "soul_sand"
      },
      "C": {
        "item": "stripped_birch_log"
      }
    },
    "result": {
      "item": "minecraft:carpet",
      "data": 15,
      "count": 8
    }
  }
}