{
  "format_version": "1.12",
  "minecraft:recipe_shaped": {
    "description": {
      "identifier": "minecraft:black_stained_hardened_clay_from_ink_sac"
    },
    "tags": [
      "crafting_table"
    ],
    "group": "stained_hardened_clay",
    "priority": 1,
    "pattern": [
      "###",
      "#X#",
      "###"
    ],
    "key": {
      "#": {
        "item": "minecraft:hardened_clay"
      },
      "X": {
        "item": "minecraft:dye",
        "data": 17
      }
    },
    "result": {
      "item": "minecraft:stained_hardened_clay",
      "data": 15,
      "count": 8
    }
  }
}