{
  "format_version": "1.12",
  "minecraft:recipe_shaped": {
    "description": {
      "identifier": "minecraft:black_stained_glass_from_ink_sac"
    },
    "tags": [
      "crafting_table"
    ],
    "group": "stained_glass",
    "priority": 1,
    "pattern": [
      "A",
      "B",
      "C"
    ],
    "key": {
      "A": {
        "item": "iron_ingot"
      },
      "B": {
        "item": "stick"
      },
      "C": {
        "item": "warped_planks"
      }
    },
    "result": {
      "item": "minecraft:stained_glass",
      "data": 15,
      "count": 8
    }
  }
}