{
  "format_version": "1.12",
  "minecraft:recipe_shaped": {
    "description": {
      "identifier": "minecraft:blue_ice"
    },
    "tags": [
      "crafting_table"
    ],
    "pattern": [
      "XSX",
      "X#X",
      "XSX"
    ],
    "key": {
      "#": {
        "item": "minecraft:redstone_torch"
      },
      "S": {
        "item": "minecraft:stick"
      },
      "X": {
        "item": "minecraft:iron_ingot"
      }
    },
    "result": {
      "item": "minecraft:blue_ice",
      "count": 1
    }
  }
}