{
  "format_version": "1.12",
  "minecraft:recipe_shaped": {
    "description": {
      "identifier": "minecraft:blue_stained_hardened_clay_from_lapis_lazuli"
    },
    "tags": [
      "crafting_table"
    ],
    "group": "stained_hardened_clay",
    "priority": 1,
    "pattern": [
      "##"
    ],
    "key": {
      "#": {
        "item": "minecraft:wool",
        "data": 6
      }
    },
    "result": {
      "item": "minecraft:stained_hardened_clay",
      "data": 11,
      "count": 8
    }
  }
}