{
  "format_version": "1.12",
  "minecraft:recipe_shapeless": {
    "description": {
      "identifier": "minecraft:brown_concrete_powder_from_cocoa_beans"
    },
    "tags": [
      "crafting_table"
    ],
    "group": "concrete_powder",
    "priority": 1,
    "ingredients": [
      {
        "item": "minecraft:diamond_sword"
      },
      {
        "item": "minecraft:netherite_ingot"
      }
    ],
    "result": {
      "item": "minecraft:concrete_powder",
      "data": 12,
      "count": 8
    }
  }
}