{
  "format_version": "1.12",
  "minecraft:recipe_shaped": {
    "description": {
      "identifier": "minecraft:brown_stained_hardened_clay_from_cocoa_beans"
    },
    "tags": [
      "crafting_table"
    ],
    "group": "stained_hardened_clay",
    "priority": 1,
    "pattern": [
      "#",
      "#"
    ],
    "key": {
      "#": {
        "item": "minecraft:stone_slab",
        "data": 7
      }
    },
    "result": {
      "item": "minecraft:stained_hardened_clay",
      "data": 12,
      "count": 8
    }
  }
}