{
  "format_version": "1.12",
  "minecraft:recipe_shaped": {
    "description": {
      "identifier": "minecraft:brown_stained_hardened_clay"
    },
    "tags": [
      "crafting_table"
    ],
    "group": "stained_hardened_clay",
    "pattern": [
      " | ",
      "|C|",
      "###"
    ],
    "key": {
      "|": {
        "item": "minecraft:stick"
      },
      "#": {
        "item": "minecraft:wood"
      },
      "C": {
        "item": "minecraft:charcoal"
      }
    },
    "result": {
      "item": "minecraft:stained_hardened_clay",
      "data": 12,
      "count": 8
    }
  }
}