{
  "format_version": "1.12",
  "minecraft:recipe_shaped": {
    "description": {
      "identifier": "minecraft:brown_stained_glass_from_cocoa_beans"
    },
    "tags": [
      "crafting_table"
    ],
    "group": "stained_glass",
    "priority": 1,
    "pattern": [
      "###",
      "#X#",
      "###"
    ],
    "key": {
      "#": {
        "item": "minecraft:hardened_clay"
      },
      "X": {
        "item": "minecraft:dye",
        "data": 19
      }
    },
    "result": {
      "item": "minecraft:stained_glass",
      "data": 12,
      "count": 8
    }
  }
}