{
  "format_version": "1.12",
  "minecraft:recipe_shaped": {
    "description": {
      "identifier": "minecraft:brown_carpet_from_white"
    },
    "tags": [
      "crafting_table"
    ],
    "group": "carpet",
    "pattern": [
      "#W#",
      "#W#"
    ],
    "key": {
      "#": {
        "item": "minecraft:stick"
      },
      "W": {
        "item": "minecraft:planks",
        "data": 3
      }
    },
    "result": {
      "item": "minecraft:carpet",
      "data": 12,
      "count": 8
    }
  }
}