{
  "format_version": "1.12",
  "minecraft:recipe_shaped": {
    "description": {
      "identifier": "minecraft:cake"
    },
    "tags": [
      "crafting_table"
    ],
    "pattern": [
      "###",
      "#X#",
      "###"
    ],
    "key": {
      "#": {
        "item": "minecraft:carpet",
        "data": 0
      },
      "X": {
        "item": "minecraft:dye",
        "data": 17
      }
    },
    "result": [
      {
        "item": "minecraft:cake"
      },
      {
        "item": "minecraft:bucket",
        "count": 3,
        "data": 0
      }
    ]
  }
}