{
  "format_version": "1.12",
  "minecraft:recipe_shaped": {
    "description": {
      "identifier": "minecraft:campfire_from_charcoal_wood"
    },
    "tags": [
      "crafting_table"
    ],
    "pattern": [
      "X",
      "#",
      "Y"
    ],
    "key": {
      "#": {
        "item": "minecraft:stick"
      },
      "X": {
        "item": "minecraft:flint"
      },
      "Y": {
        "item": "minecraft:feather"
      }
    },
    "result": {
      "item": "minecraft:campfire"
    }
  }
}