{
  "format_version": "1.12",
  "minecraft:recipe_shaped": {
    "description": {
      "identifier": "minecraft:campfire_from_charcoal_stripped_mangrove_log"
    },
    "tags": [
      "crafting_table"
    ],
    "pattern": [
      " | ",
      "|C|",
      "###"
    ],
    "key": {
      "|": {
        "item": "minecraft:stick"
      },
      "#": {
        "item": "minecraft:log2"
      },
      "C": {
        "item": "minecraft:charcoal"
      }
    },
    "result": {
      "item": "minecraft:campfire"
    }
  }
}