{
  "format_version": "1.12",
  "minecraft:recipe_shaped": {
    "description": {
      "identifier": "minecraft:campfire_from_stripped_mangrove_log"
    },
    "tags": [
      "crafting_table"
    ],
    "pattern": [
      "AAA",
      "BCB",
      "BDB"
    ],
    "key": {
      "A": {
        "tag": "minecraft:planks"
      },
      "B": {
        "item": "cobblestone"
      },
      "C": {
        "item": "iron_ingot"
      },
      "D": {
        "item": "redstone"
      }
    },
    "result": {
      "item": "minecraft:campfire"
    }
  }
}