{
  "format_version": "1.16",
  "minecraft:recipe_shaped": {
    "description": {
      "identifier": "minecraft:cartography_table_from_warped_planks"
    },
    "tags": [
      "crafting_table"
    ],
    "pattern": [
      "AAA",
      "BCB",
      "BDB"
    ],
    "key": {
      "A": {
        "item": "mangrove_planks"
      },
      "B": {
        "item": "cobblestone"
      },
      "C": {
        "item": "iron_ingot"
      },
      "D": {
        "item": "redstone"
      }
    },
    "result": {
      "item": "cartography_table",
      "count": 1
    },
    "priority": 2
  }
}