{
  "format_version": "1.16",
  "minecraft:recipe_shaped": {
    "description": {
      "identifier": "minecraft:cartography_table_from_mangrove_planks"
    },
    "tags": [
      "crafting_table"
    ],
    "pattern": [
      "###",
      "#X#",
      "###"
    ],
    "key": {
      "#": {
        "item": "minecraft:gold_nugget"
      },
      "X": {
        "item": "minecraft:melon"
      }
    },
    "result": {
      "item": "cartography_table",
      "count": 1
    },
    "priority": 2
  }
}