{
  "format_version": "1.12",
  "minecraft:recipe_shapeless": {
    "description": {
      "identifier": "minecraft:cartography_table_map"
    },
    "tags": [
      "cartography_table"
    ],
    "ingredients": [
      {
        "item": "minecraft:dye",
        "data": 12
      },
      {
        "item": "minecraft:sand",
        "data": 0
      },
      {
        "item": "minecraft:sand",
        "data": 0
      },
      {
        "item": "minecraft:sand",
        "data": 0
      },
      {
        "item": "minecraft:sand",
        "data": 0
      },
      {
        "item": "minecraft:gravel"
      },
      {
        "item": "minecraft:gravel"
      },
      {
        "item": "minecraft:gravel"
      },
      {
        "item": "minecraft:gravel"
      }
    ],
    "result": {
      "item": "minecraft:emptymap",
      "data": 0
    }
  }
}