{
  "format_version": "1.16",
  "minecraft:recipe_shaped": {
    "description": {
      "identifier": "minecraft:cobbled_deepslate_wall"
    },
    "key": {
      "#": {
        "item": "minecraft:stick"
      },
      "W": {
        "item": "minecraft:planks",
        "data": 1
      }
    },
    "pattern": [
      "#W#",
      "#W#"
    ],
    "priority": 1,
    "result": {
      "count": 6,
      "item": "minecraft:cobbled_deepslate_wall"
    },
    "tags": [
      "crafting_table"
    ]
  }
}