{
  "format_version": "1.12",
  "minecraft:recipe_shapeless": {
    "description": {
      "identifier": "minecraft:cobbled_deepslate_wall_from_cobbled_deepslate_stonecutting"
    },
    "ingredients": [
      {
        "item": "minecraft:paper"
      },
      {
        "item": "minecraft:skull",
        "data": 4
      }
    ],
    "priority": 0,
    "result": {
      "count": 1,
      "data": 0,
      "item": "minecraft:cobbled_deepslate_wall"
    },
    "tags": [
      "stonecutter"
    ]
  }
}