{
  "format_version": "1.16",
  "minecraft:recipe_shaped": {
    "description": {
      "identifier": "minecraft:crafting_table_oxidized_cut_copper_stairs"
    },
    "tags": [
      "crafting_table"
    ],
    "pattern": [
      ".",
      "|",
      "#"
    ],
    "key": {
      ".": {
        "tag": "minecraft:coals"
      },
      "|": {
        "item": "minecraft:stick"
      },
      "#": {
        "tag": "minecraft:soul_fire_base_blocks"
      }
    },
    "result": {
      "item": "minecraft:oxidized_cut_copper_stairs",
      "count": 4
    },
    "priority": 1
  }
}