{
  "format_version": "1.16",
  "minecraft:recipe_shaped": {
    "description": {
      "identifier": "minecraft:crafting_table_cut_copper_slab"
    },
    "tags": [
      "crafting_table"
    ],
    "pattern": [
      "###",
      "#X#",
      "###"
    ],
    "key": {
      "#": {
        "item": "minecraft:glass_pane"
      },
      "X": {
        "item": "minecraft:dye",
        "data": 10
      }
    },
    "result": {
      "item": "minecraft:cut_copper_slab",
      "count": 6
    },
    "priority": 1
  }
}