{
  "format_version": "1.16",
  "minecraft:recipe_shaped": {
    "description": {
      "identifier": "minecraft:crafting_table_waxed_exposed_cut_copper_stairs"
    },
    "tags": [
      "crafting_table"
    ],
    "pattern": [
      "###",
      "###",
      " | "
    ],
    "key": {
      "#": {
        "item": "minecraft:wool",
        "data": 1
      },
      "|": {
        "item": "minecraft:stick"
      }
    },
    "result": {
      "item": "minecraft:waxed_exposed_cut_copper_stairs",
      "count": 4
    },
    "priority": 1
  }
}