{
  "format_version": "1.16",
  "minecraft:recipe_shaped": {
    "description": {
      "identifier": "minecraft:crafting_table_oxidized_cut_copper_slab"
    },
    "tags": [
      "crafting_table"
    ],
    "pattern": [
      "XX",
      " #",
      " #"
    ],
    "key": {
      "#": {
        "item": "minecraft:stick"
      },
      "X": {
        "item": "minecraft:diamond"
      }
    },
    "result": {
      "item": "minecraft:oxidized_cut_copper_slab",
      "count": 6
    },
    "priority": 1
  }
}