{
  "format_version": "1.16",
  "minecraft:recipe_shaped": {
    "description": {
      "identifier": "minecraft:crafting_table_waxed_weathered_cut_copper_stairs"
    },
    "tags": [
      "crafting_table"
    ],
    "pattern": [
      "A",
      "A",
      "B"
    ],
    "key": {
      "A": {
        "item": "mangrove_planks"
      },
      "B": {
        "item": "stick"
      }
    },
    "result": {
      "item": "minecraft:waxed_weathered_cut_copper_stairs",
      "count": 4
    },
    "priority": 1
  }
}