{
  "format_version": "1.16",
  "minecraft:recipe_shaped": {
    "description": {
      "identifier": "minecraft:crafting_table_waxed_oxidized_cut_copper_stairs"
    },
    "tags": [
      "crafting_table"
    ],
    "pattern": [
      " A ",
      "ABA",
      "CCC"
    ],
    "key": {
      "A": {
        "item": "stick"
      },
      "B": {
        "item": "coal"
      },
      "C": {
        "item": "crimson_stem"
      }
    },
    "result": {
      "item": "minecraft:waxed_oxidized_cut_copper_stairs",
      "count": 4
    },
    "priority": 1
  }
}