{
  "format_version": "1.16",
  "minecraft:recipe_shaped": {
    "description": {
      "identifier": "minecraft:crafting_table_weathered_cut_copper"
    },
    "tags": [
      "crafting_table"
    ],
    "pattern": [
      " A ",
      "ABA",
      "CCC"
    ],
    "key": {
      "A": {
        "item": "stick"
      },
      "B": {
        "item": "soul_sand"
      },
      "C": {
        "item": "wood"
      }
    },
    "result": {
      "item": "minecraft:weathered_cut_copper",
      "count": 4
    },
    "priority": 1
  }
}