{
  "format_version": "1.16",
  "minecraft:recipe_shaped": {
    "description": {
      "identifier": "minecraft:crafting_table_waxed_exposed_cut_copper_slab"
    },
    "tags": [
      "crafting_table"
    ],
    "pattern": [
      " | ",
      "|C|",
      "###"
    ],
    "key": {
      "|": {
        "item": "minecraft:stick"
      },
      "#": {
        "item": "minecraft:stripped_oak_log"
      },
      "C": {
        "item": "minecraft:charcoal"
      }
    },
    "result": {
      "item": "minecraft:waxed_exposed_cut_copper_slab",
      "count": 6
    },
    "priority": 1
  }
}