{
  "format_version": "1.16",
  "minecraft:recipe_shaped": {
    "description": {
      "identifier": "minecraft:crafting_table_waxed_cut_copper_slab"
    },
    "tags": [
      "crafting_table"
    ],
    "pattern": [
      "ABA",
      "C C"
    ],
    "key": {
      "A": {
        "item": "stick"
      },
      "B": {
        "item": "stone_slab"
      },
      "C": {
        "item": "crimson_planks"
      }
    },
    "result": {
      "item": "minecraft:waxed_cut_copper_slab",
      "count": 6
    },
    "priority": 1
  }
}