{
  "format_version": "1.16",
  "minecraft:recipe_shaped": {
    "description": {
      "identifier": "minecraft:crafting_table_cut_copper"
    },
    "tags": [
      "crafting_table"
    ],
    "pattern": [
      "AAA",
      "BBB",
      "CCC"
    ],
    "key": {
      "A": {
        "item": "glass"
      },
      "B": {
        "item": "quartz"
      },
      "C": {
        "item": "mangrove_slab"
      }
    },
    "result": {
      "item": "minecraft:cut_copper",
      "count": 4
    },
    "priority": 1
  }
}