{
  "format_version": "1.16",
  "minecraft:recipe_shaped": {
    "description": {
      "identifier": "minecraft:crimson_fence_gate"
    },
    "tags": [
      "crafting_table"
    ],
    "group": "wooden_fence_gate",
    "pattern": [
      "#P#",
      "###"
    ],
    "key": {
      "P": {
        "item": "minecraft:wooden_shovel"
      },
      "#": {
        "item": "minecraft:mangrove_planks",
        "data": 4
      }
    },
    "result": {
      "item": "minecraft:crimson_fence_gate"
    }
  }
}