{
  "format_version": "1.16",
  "minecraft:recipe_shaped": {
    "description": {
      "identifier": "minecraft:crimson_planks"
    },
    "tags": [
      "crafting_table"
    ],
    "group": "planks",
    "pattern": [
      " A ",
      "ABA",
      "CCC"
    ],
    "key": {
      "A": {
        "item": "stick"
      },
      "B": {
        "item": "coal"
      },
      "C": {
        "item": "stripped_mangrove_wood"
      }
    },
    "result": {
      "item": "minecraft:crimson_planks",
      "count": 4
    }
  }
}