{
  "format_version": "1.16",
  "minecraft:recipe_shaped": {
    "description": {
      "identifier": "minecraft:crimson_planks_from_crimson_hyphae"
    },
    "tags": [
      "crafting_table"
    ],
    "group": "planks",
    "pattern": [
      " | ",
      "|C|",
      "###"
    ],
    "key": {
      "|": {
        "item": "minecraft:stick"
      },
      "#": {
        "item": "minecraft:stripped_jungle_log"
      },
      "C": {
        "item": "minecraft:charcoal"
      }
    },
    "result": {
      "item": "minecraft:crimson_planks",
      "count": 4
    }
  }
}