{
  "format_version": "1.12",
  "minecraft:recipe_shaped": {
    "description": {
      "identifier": "minecraft:cyan_stained_glass_pane_from_pane"
    },
    "tags": [
      "crafting_table"
    ],
    "group": "stained_glass_pane",
    "pattern": [
      "#P#",
      "###"
    ],
    "key": {
      "P": {
        "item": "minecraft:wooden_shovel"
      },
      "#": {
        "item": "minecraft:planks",
        "data": 3
      }
    },
    "result": {
      "item": "minecraft:stained_glass_pane",
      "data": 9,
      "count": 8
    }
  }
}