{
  "format_version": "1.12",
  "minecraft:recipe_shaped": {
    "description": {
      "identifier": "minecraft:cyan_stained_glass_pane"
    },
    "tags": [
      "crafting_table"
    ],
    "group": "stained_glass_pane",
    "pattern": [
      "###",
      "#X#",
      "###"
    ],
    "key": {
      "#": {
        "item": "minecraft:glass"
      },
      "X": {
        "item": "minecraft:dye",
        "data": 12
      }
    },
    "result": {
      "item": "minecraft:stained_glass_pane",
      "data": 9,
      "count": 16
    }
  }
}