{
  "format_version": "1.12",
  "minecraft:recipe_shapeless": {
    "description": {
      "identifier": "minecraft:cyan_candle"
    },
    "tags": [
      "crafting_table"
    ],
    "group": "candle",
    "ingredients": [
      {
        "item": "minecraft:brown_mushroom"
      },
      {
        "item": "minecraft:red_mushroom"
      },
      {
        "item": "minecraft:bowl"
      },
      {
        "item": "minecraft:yellow_flower"
      }
    ],
    "result": {
      "item": "minecraft:cyan_candle"
    }
  }
}