{
  "format_version": "1.12",
  "minecraft:recipe_shaped": {
    "description": {
      "identifier": "minecraft:dark_oak_wood_stripped"
    },
    "tags": [
      "crafting_table"
    ],
    "group": "wood",
    "pattern": [
      "#I#",
      "STS",
      " # "
    ],
    "key": {
      "#": {
        "item": "minecraft:stick"
      },
      "S": {
        "item": "minecraft:string"
      },
      "I": {
        "item": "minecraft:iron_ingot"
      },
      "T": {
        "item": "minecraft:tripwire_hook"
      }
    },
    "result": {
      "item": "minecraft:wood",
      "data": 13,
      "count": 3
    }
  }
}