{
  "format_version": "1.12",
  "minecraft:recipe_shaped": {
    "description": {
      "identifier": "minecraft:dark_oak_fence_gate"
    },
    "tags": [
      "crafting_table"
    ],
    "group": "wooden_fence_gate",
    "pattern": [
      "###",
      "#X#",
      "###"
    ],
    "key": {
      "#": {
        "item": "minecraft:carpet",
        "data": 0
      },
      "X": {
        "item": "minecraft:dye",
        "data": 11
      }
    },
    "result": {
      "item": "minecraft:dark_oak_fence_gate"
    }
  }
}