{
  "format_version": "1.12",
  "minecraft:recipe_shaped": {
    "description": {
      "identifier": "minecraft:dark_oak_wood"
    },
    "tags": [
      "crafting_table"
    ],
    "group": "wood",
    "pattern": [
      " A ",
      "ABA",
      "CCC"
    ],
    "key": {
      "A": {
        "item": "stick"
      },
      "B": {
        "item": "soul_soil"
      },
      "C": {
        "item": "crimson_stem"
      }
    },
    "result": {
      "item": "minecraft:wood",
      "data": 5,
      "count": 3
    }
  }
}