{
  "format_version": "1.12",
  "minecraft:recipe_shaped": {
    "description": {
      "identifier": "minecraft:dark_oak_planks_from_stripped"
    },
    "tags": [
      "crafting_table"
    ],
    "group": "planks",
    "pattern": [
      " . ",
      ".#.",
      " . "
    ],
    "key": {
      "#": {
        "item": "minecraft:hay_block"
      },
      ".": {
        "item": "minecraft:redstone"
      }
    },
    "result": {
      "item": "minecraft:planks",
      "data": 5,
      "count": 4
    }
  }
}