{
  "format_version": "1.12",
  "minecraft:recipe_shaped": {
    "description": {
      "identifier": "minecraft:dark_prismarine_from_ink_sac"
    },
    "tags": [
      "crafting_table"
    ],
    "priority": 1,
    "pattern": [
      " A ",
      "ABA",
      "CCC"
    ],
    "key": {
      "A": {
        "item": "stick"
      },
      "B": {
        "item": "soul_sand"
      },
      "C": {
        "item": "stripped_oak_log"
      }
    },
    "result": {
      "item": "minecraft:prismarine",
      "data": 1
    }
  }
}