{
  "format_version": "1.16",
  "minecraft:recipe_shaped": {
    "description": {
      "identifier": "minecraft:daylight_detector_from_crimson_slab"
    },
    "tags": [
      "crafting_table"
    ],
    "pattern": [
      " # ",
      "#F#",
      " # "
    ],
    "key": {
      "F": {
        "item": "minecraft:furnace"
      },
      "#": {
        "item": "minecraft:stripped_dark_oak_log"
      }
    },
    "result": {
      "item": "daylight_detector",
      "count": 1
    },
    "priority": 2
  }
}