{
  "format_version": "1.12",
  "minecraft:recipe_shapeless": {
    "description": {
      "identifier": "minecraft:deepslate_tiles_from_cobbled_deepslate_stonecutting"
    },
    "ingredients": [
      {
        "item": "minecraft:dye",
        "data": 2
      },
      {
        "item": "minecraft:sand",
        "data": 0
      },
      {
        "item": "minecraft:sand",
        "data": 0
      },
      {
        "item": "minecraft:sand",
        "data": 0
      },
      {
        "item": "minecraft:sand",
        "data": 0
      },
      {
        "item": "minecraft:gravel"
      },
      {
        "item": "minecraft:gravel"
      },
      {
        "item": "minecraft:gravel"
      },
      {
        "item": "minecraft:gravel"
      }
    ],
    "priority": 0,
    "result": {
      "count": 1,
      "data": 0,
      "item": "minecraft:deepslate_tiles"
    },
    "tags": [
      "stonecutter"
    ]
  }
}