{
  "format_version": "1.16",
  "minecraft:recipe_shaped": {
    "description": {
      "identifier": "minecraft:deepslate_brick_slab"
    },
    "key": {
      "#": {
        "item": "minecraft:glass"
      },
      "X": {
        "item": "minecraft:dye",
        "data": 18
      }
    },
    "pattern": [
      "###",
      "#X#",
      "###"
    ],
    "priority": 1,
    "result": {
      "count": 6,
      "item": "minecraft:deepslate_brick_slab"
    },
    "tags": [
      "crafting_table"
    ]
  }
}