{
  "format_version": "1.16",
  "minecraft:recipe_shaped": {
    "description": {
      "identifier": "minecraft:deepslate_tiles"
    },
    "key": {
      "|": {
        "item": "minecraft:stick"
      },
      "#": {
        "item": "minecraft:wood"
      },
      "C": {
        "item": "minecraft:coal"
      }
    },
    "pattern": [
      " | ",
      "|C|",
      "###"
    ],
    "priority": 1,
    "result": {
      "count": 4,
      "item": "minecraft:deepslate_tiles"
    },
    "tags": [
      "crafting_table"
    ]
  }
}