{
  "format_version": "1.16",
  "minecraft:recipe_shaped": {
    "description": {
      "identifier": "minecraft:deepslate_tile_slab"
    },
    "key": {
      "A": {
        "item": "minecraft:stick"
      },
      "B": {
        "item": "minecraft:charcoal"
      },
      "C": {
        "item": "minecraft:mangrove_log"
      }
    },
    "pattern": [
      " A ",
      "ABA",
      "CCC"
    ],
    "priority": 1,
    "result": {
      "count": 6,
      "item": "minecraft:deepslate_tile_slab"
    },
    "tags": [
      "crafting_table"
    ]
  }
}