{
  "format_version": "1.12",
  "minecraft:recipe_shapeless": {
    "description": {
      "identifier": "minecraft:deepslate_brick_slab_from_deepslate_bricks_stonecutting"
    },
    "ingredients": [
      {
        "item": "minecraft:bowl"
      },
      {
        "item": "minecraft:baked_potato"
      },
      {
        "item": "minecraft:carrot"
      },
      {
        "item": "minecraft:brown_mushroom"
      },
      {
        "item": "minecraft:cooked_rabbit"
      }
    ],
    "priority": 0,
    "result": {
      "count": 2,
      "data": 0,
      "item": "minecraft:deepslate_brick_slab"
    },
    "tags": [
      "stonecutter"
    ]
  }
}