{
  "format_version": "1.16",
  "minecraft:recipe_shaped": {
    "description": {
      "identifier": "minecraft:deepslate_brick_stairs"
    },
    "key": {
      "|": {
        "item": "minecraft:stick"
      },
      "#": {
        "item": "minecraft:stripped_acacia_log"
      },
      "C": {
        "item": "minecraft:coal"
      }
    },
    "pattern": [
      " | ",
      "|C|",
      "###"
    ],
    "priority": 1,
    "result": {
      "count": 4,
      "item": "minecraft:deepslate_brick_stairs"
    },
    "tags": [
      "crafting_table"
    ]
  }
}