{
  "pools": [
    {
      "rolls": {
        "min": 2,
        "max": 3
      },
      "entries": [
        {
          "type": "item",
          "name": "minecraft:ender_pearl",
          "weight": 50
        },
        {
          "type": "item",
          "name": "minecraft:emerald",
          "functions": [
            {
              "function": "set_count",
              "count": {
                "min": 1,
                "max": 3
              }
            }
          ],
          "weight": 15
        },
        {
          "type": "item",
          "name": "minecraft:diamond",
          "functions": [
            {
              "function": "set_count",
              "count": {
                "min": 1,
                "max": 3
              }
            }
          ],
          "weight": 15
        },
        {
          "type": "item",
          "name": "minecraft:iron_ingot",
          "functions": [
            {
              "function": "set_count",
              "count": {
                "min": 1,
                "max": 5
              }
            }
          ],
          "weight": 50
        },
        {
          "type": "item",
          "name": "minecraft:gold_ingot",
          "functions": [
            {
              "function": "set_count",
              "count": {
                "min": 1,
                "max": 3
              }
            }
          ],
          "weight": 25
        },
        {
          "type": "item",
          "name": "minecraft:redstone",
          "functions": [
            {
              "function": "set_count",
              "count": {
                "min": 4,
                "max": 9
              }
            }
          ],
          "weight": 25
        },
        {
          "type": "item",
          "name": "minecraft:bread",
          "functions": [
            {
              "function": "set_count",
              "count": {
                "min": 1,
                "max": 3
              }
            }
          ],
          "weight": 75
        },
        {
          "type": "item",
          "name": "minecraft:apple",
          "functions": [
            {
              "function": "set_count",
              "count": {
                "min": 1,
                "max": 3
              }
            }
          ],
          "weight": 75
        },
        {
          "type": "item",
          "name": "minecraft:iron_pickaxe",
          "weight": 25
        },
        {
          "type": "item",
          "name": "minecraft:iron_sword",
          "weight": 25
        },
        {
          "type": "item",
          "name": "minecraft:iron_chestplate",
          "weight": 25
        },
        {
          "type": "item",
          "name": "minecraft:iron_helmet",
          "weight": 25
        },
        {
          "type": "item",
          "name": "minecraft:iron_leggings",
          "weight": 25
        },
        {
          "type": "item",
          "name": "minecraft:iron_boots",
          "weight": 25
        },
        {
          "type": "item",
          "name": "minecraft:golden_apple",
          "weight": 5
        },
        {
          "type": "item",
          "name": "minecraft:saddle",
          "weight": 5
        },
        {
          "type": "item",
          "name": "minecraft:horsearmoriron",
          "weight": 5
        },
        {
          "type": "item",
          "name": "minecraft:horsearmorgold",
          "weight": 5
        },
        {
          "type": "item",
          "name": "minecraft:horsearmordiamond",
          "weight": 5
        },
        {
          "type": "item",
          "name": "minecraft:record_otherside",
          "weight": 5
        },
        {
          "type": "item",
          "name": "minecraft:book",
          "weight": 6,
          "functions": [
            {
              "function": "enchant_with_levels",
              "levels": 30,
              "treasure": true
            }
          ]
        }
      ]
    }
  ]
}